<?xml version="1.0" encoding="utf-8"?>
<UANodeSet xmlns:xsi="http://www.w3.org/2001/XMLSchema-instance" xmlns:uax="http://opcfoundation.org/UA/2008/02/Types.xsd" xmlns="http://opcfoundation.org/UA/2011/03/UANodeSet.xsd" xmlns:s1="http://www.aalto.fi/OPCUA/IceBlockType/Types.xsd" xmlns:s2="http://opcfoundation.org/UA/DI/Types.xsd" xmlns:ua="http://unifiedautomation.com/Configuration/NodeSet.xsd" xmlns:xsd="http://www.w3.org/2001/XMLSchema">
    <NamespaceUris>
        <Uri>http://www.aalto.fi/OPCUA/IceBlockType/</Uri>
        <Uri>http://opcfoundation.org/UA/DI/</Uri>
    </NamespaceUris>
    <Models>
        <Model ModelUri="http://www.aalto.fi/OPCUA/IceBlockType/" PublicationDate="2020-03-07T20:32:59Z" Version="1.0.0">
            <RequiredModel ModelUri="http://opcfoundation.org/UA/" PublicationDate="2019-09-09T00:00:00Z" Version="1.04.3"/>
            <RequiredModel ModelUri="http://opcfoundation.org/UA/DI/" PublicationDate="2019-05-01T00:00:00Z" Version="1.02"/>
        </Model>
    </Models>
    <Aliases>
        <Alias Alias="Boolean">i=1</Alias>
        <Alias Alias="Int32">i=6</Alias>
        <Alias Alias="String">i=12</Alias>
        <Alias Alias="DateTime">i=13</Alias>
        <Alias Alias="LocalizedText">i=21</Alias>
        <Alias Alias="HasModellingRule">i=37</Alias>
        <Alias Alias="HasTypeDefinition">i=40</Alias>
        <Alias Alias="HasSubtype">i=45</Alias>
        <Alias Alias="HasProperty">i=46</Alias>
        <Alias Alias="HasComponent">i=47</Alias>
        <Alias Alias="IdType">i=256</Alias>
        <Alias Alias="NumericRange">i=291</Alias>
    </Aliases>
    <Extensions>
        <Extension>
            <ua:ModelInfo Tool="UaModeler" Hash="uL5r9wCDfxghuRUE/eGfog==" Version="1.6.3"/>
        </Extension>
    </Extensions>
    <UAObjectType NodeId="ns=1;i=1" BrowseName="1:IceBlockType">
        <DisplayName>IceBlockType</DisplayName>
        <References>
            <Reference ReferenceType="HasProperty">ns=1;i=8</Reference>
            <Reference ReferenceType="HasProperty">ns=1;i=6012</Reference>
            <Reference ReferenceType="HasProperty">ns=1;i=6010</Reference>
            <Reference ReferenceType="HasProperty">ns=1;i=6011</Reference>
            <Reference ReferenceType="HasSubtype" IsForward="false">ns=2;i=1002</Reference>
            <Reference ReferenceType="HasProperty">ns=1;i=6001</Reference>
            <Reference ReferenceType="HasProperty">ns=1;i=6013</Reference>
            <Reference ReferenceType="HasProperty">ns=1;i=6014</Reference>
            <Reference ReferenceType="HasComponent">ns=1;i=4</Reference>
            <Reference ReferenceType="HasProperty">ns=1;i=6015</Reference>
            <Reference ReferenceType="HasProperty">ns=1;i=6016</Reference>
            <Reference ReferenceType="HasProperty">ns=1;i=6017</Reference>
        </References>
    </UAObjectType>
    <UAVariable DataType="LocalizedText" ParentNodeId="ns=1;i=1" NodeId="ns=1;i=8" BrowseName="2:ComponentName">
        <DisplayName>ComponentName</DisplayName>
        <References>
            <Reference ReferenceType="HasProperty" IsForward="false">ns=1;i=1</Reference>
            <Reference ReferenceType="HasModellingRule">i=78</Reference>
            <Reference ReferenceType="HasTypeDefinition">i=68</Reference>
        </References>
        <Value>
            <uax:LocalizedText>
                <uax:Text>IceBlock nano-PLC</uax:Text>
            </uax:LocalizedText>
        </Value>
    </UAVariable>
    <UAVariable DataType="String" ParentNodeId="ns=1;i=1" NodeId="ns=1;i=6012" BrowseName="2:DeviceManual">
        <DisplayName>DeviceManual</DisplayName>
        <Description>Address (pathname in the file system or a URL | Web address) of user manual for the device</Description>
        <References>
            <Reference ReferenceType="HasModellingRule">i=78</Reference>
            <Reference ReferenceType="HasProperty" IsForward="false">ns=1;i=1</Reference>
            <Reference ReferenceType="HasTypeDefinition">i=68</Reference>
        </References>
        <Value>
            <uax:String>https://flexbridge.se/iceblock/</uax:String>
        </Value>
    </UAVariable>
    <UAVariable DataType="String" ParentNodeId="ns=1;i=1" NodeId="ns=1;i=6010" BrowseName="2:DeviceRevision">
        <DisplayName>DeviceRevision</DisplayName>
        <Description>Overall revision level of the device</Description>
        <References>
            <Reference ReferenceType="HasModellingRule">i=78</Reference>
            <Reference ReferenceType="HasProperty" IsForward="false">ns=1;i=1</Reference>
            <Reference ReferenceType="HasTypeDefinition">i=68</Reference>
        </References>
        <Value>
            <uax:String></uax:String>
        </Value>
    </UAVariable>
    <UAVariable DataType="String" ParentNodeId="ns=1;i=1" NodeId="ns=1;i=6011" BrowseName="2:HardwareRevision">
        <DisplayName>HardwareRevision</DisplayName>
        <Description>Revision level of the hardware of the device</Description>
        <References>
            <Reference ReferenceType="HasModellingRule">i=78</Reference>
            <Reference ReferenceType="HasProperty" IsForward="false">ns=1;i=1</Reference>
            <Reference ReferenceType="HasTypeDefinition">i=68</Reference>
        </References>
        <Value>
            <uax:String></uax:String>
        </Value>
    </UAVariable>
    <UAVariable DataType="String" ParentNodeId="ns=1;i=1" NodeId="ns=1;i=6001" BrowseName="1:IpAddress">
        <DisplayName>IpAddress</DisplayName>
        <References>
            <Reference ReferenceType="HasModellingRule">i=78</Reference>
            <Reference ReferenceType="HasProperty" IsForward="false">ns=1;i=1</Reference>
            <Reference ReferenceType="HasTypeDefinition">i=68</Reference>
        </References>
        <Value>
            <uax:String>255.255.255.255</uax:String>
        </Value>
    </UAVariable>
    <UAVariable DataType="LocalizedText" ParentNodeId="ns=1;i=1" NodeId="ns=1;i=6013" BrowseName="2:Manufacturer">
        <DisplayName>Manufacturer</DisplayName>
        <Description>Name of the company that manufactured the device</Description>
        <References>
            <Reference ReferenceType="HasModellingRule">i=78</Reference>
            <Reference ReferenceType="HasProperty" IsForward="false">ns=1;i=1</Reference>
            <Reference ReferenceType="HasTypeDefinition">i=68</Reference>
        </References>
        <Value>
            <uax:LocalizedText>
                <uax:Text>Flexbridge</uax:Text>
            </uax:LocalizedText>
        </Value>
    </UAVariable>
    <UAVariable DataType="LocalizedText" ParentNodeId="ns=1;i=1" NodeId="ns=1;i=6014" BrowseName="2:Model">
        <DisplayName>Model</DisplayName>
        <Description>Model name of the device</Description>
        <References>
            <Reference ReferenceType="HasModellingRule">i=78</Reference>
            <Reference ReferenceType="HasProperty" IsForward="false">ns=1;i=1</Reference>
            <Reference ReferenceType="HasTypeDefinition">i=68</Reference>
        </References>
        <Value>
            <uax:LocalizedText>
                <uax:Text>IceBlock nano-PLC</uax:Text>
            </uax:LocalizedText>
        </Value>
    </UAVariable>
    <UAObject ParentNodeId="ns=1;i=1" NodeId="ns=1;i=4" BrowseName="2:ParameterSet">
        <DisplayName>ParameterSet</DisplayName>
        <Description>Flat list of Parameters</Description>
        <References>
            <Reference ReferenceType="HasTypeDefinition">i=58</Reference>
            <Reference ReferenceType="HasComponent">ns=1;i=6002</Reference>
            <Reference ReferenceType="HasComponent">ns=1;i=6003</Reference>
            <Reference ReferenceType="HasComponent">ns=1;i=6004</Reference>
            <Reference ReferenceType="HasComponent">ns=1;i=6005</Reference>
            <Reference ReferenceType="HasComponent">ns=1;i=6006</Reference>
            <Reference ReferenceType="HasComponent">ns=1;i=6007</Reference>
            <Reference ReferenceType="HasComponent">ns=1;i=6008</Reference>
            <Reference ReferenceType="HasComponent">ns=1;i=6009</Reference>
            <Reference ReferenceType="HasModellingRule">i=78</Reference>
            <Reference ReferenceType="HasComponent" IsForward="false">ns=1;i=1</Reference>
        </References>
    </UAObject>
    <UAVariable DataType="Boolean" ParentNodeId="ns=1;i=4" NodeId="ns=1;i=6002" BrowseName="1:DI0">
        <DisplayName>DI0</DisplayName>
        <References>
            <Reference ReferenceType="HasTypeDefinition">i=63</Reference>
            <Reference ReferenceType="HasModellingRule">i=78</Reference>
            <Reference ReferenceType="HasComponent" IsForward="false">ns=1;i=4</Reference>
        </References>
    </UAVariable>
    <UAVariable DataType="Boolean" ParentNodeId="ns=1;i=4" NodeId="ns=1;i=6003" BrowseName="1:DI1">
        <DisplayName>DI1</DisplayName>
        <References>
            <Reference ReferenceType="HasTypeDefinition">i=63</Reference>
            <Reference ReferenceType="HasModellingRule">i=78</Reference>
            <Reference ReferenceType="HasComponent" IsForward="false">ns=1;i=4</Reference>
        </References>
    </UAVariable>
    <UAVariable DataType="Boolean" ParentNodeId="ns=1;i=4" NodeId="ns=1;i=6004" BrowseName="1:DI2">
        <DisplayName>DI2</DisplayName>
        <References>
            <Reference ReferenceType="HasTypeDefinition">i=63</Reference>
            <Reference ReferenceType="HasModellingRule">i=78</Reference>
            <Reference ReferenceType="HasComponent" IsForward="false">ns=1;i=4</Reference>
        </References>
    </UAVariable>
    <UAVariable DataType="Boolean" ParentNodeId="ns=1;i=4" NodeId="ns=1;i=6005" BrowseName="1:DI3">
        <DisplayName>DI3</DisplayName>
        <References>
            <Reference ReferenceType="HasTypeDefinition">i=63</Reference>
            <Reference ReferenceType="HasModellingRule">i=78</Reference>
            <Reference ReferenceType="HasComponent" IsForward="false">ns=1;i=4</Reference>
        </References>
    </UAVariable>
    <UAVariable DataType="Boolean" ParentNodeId="ns=1;i=4" NodeId="ns=1;i=6006" BrowseName="1:DO0">
        <DisplayName>DO0</DisplayName>
        <References>
            <Reference ReferenceType="HasTypeDefinition">i=63</Reference>
            <Reference ReferenceType="HasModellingRule">i=78</Reference>
            <Reference ReferenceType="HasComponent" IsForward="false">ns=1;i=4</Reference>
        </References>
    </UAVariable>
    <UAVariable DataType="Boolean" ParentNodeId="ns=1;i=4" NodeId="ns=1;i=6007" BrowseName="1:DO1">
        <DisplayName>DO1</DisplayName>
        <References>
            <Reference ReferenceType="HasTypeDefinition">i=63</Reference>
            <Reference ReferenceType="HasModellingRule">i=78</Reference>
            <Reference ReferenceType="HasComponent" IsForward="false">ns=1;i=4</Reference>
        </References>
    </UAVariable>
    <UAVariable DataType="Boolean" ParentNodeId="ns=1;i=4" NodeId="ns=1;i=6008" BrowseName="1:DO2">
        <DisplayName>DO2</DisplayName>
        <References>
            <Reference ReferenceType="HasTypeDefinition">i=63</Reference>
            <Reference ReferenceType="HasModellingRule">i=78</Reference>
            <Reference ReferenceType="HasComponent" IsForward="false">ns=1;i=4</Reference>
        </References>
    </UAVariable>
    <UAVariable DataType="Boolean" ParentNodeId="ns=1;i=4" NodeId="ns=1;i=6009" BrowseName="1:DO3">
        <DisplayName>DO3</DisplayName>
        <References>
            <Reference ReferenceType="HasTypeDefinition">i=63</Reference>
            <Reference ReferenceType="HasModellingRule">i=78</Reference>
            <Reference ReferenceType="HasComponent" IsForward="false">ns=1;i=4</Reference>
        </References>
    </UAVariable>
    <UAVariable DataType="Int32" ParentNodeId="ns=1;i=1" NodeId="ns=1;i=6015" BrowseName="2:RevisionCounter">
        <DisplayName>RevisionCounter</DisplayName>
        <Description>An incremental counter indicating the number of times the static data within the Device has been modified</Description>
        <References>
            <Reference ReferenceType="HasModellingRule">i=78</Reference>
            <Reference ReferenceType="HasTypeDefinition">i=68</Reference>
            <Reference ReferenceType="HasProperty" IsForward="false">ns=1;i=1</Reference>
        </References>
        <Value>
            <uax:Int32>-1</uax:Int32>
        </Value>
    </UAVariable>
    <UAVariable DataType="String" ParentNodeId="ns=1;i=1" NodeId="ns=1;i=6016" BrowseName="2:SerialNumber">
        <DisplayName>SerialNumber</DisplayName>
        <Description>Identifier that uniquely identifies, within a manufacturer, a device instance</Description>
        <References>
            <Reference ReferenceType="HasModellingRule">i=78</Reference>
            <Reference ReferenceType="HasTypeDefinition">i=68</Reference>
            <Reference ReferenceType="HasProperty" IsForward="false">ns=1;i=1</Reference>
        </References>
        <Value>
            <uax:String></uax:String>
        </Value>
    </UAVariable>
    <UAVariable DataType="String" ParentNodeId="ns=1;i=1" NodeId="ns=1;i=6017" BrowseName="2:SoftwareRevision">
        <DisplayName>SoftwareRevision</DisplayName>
        <Description>Revision level of the software/firmware of the device</Description>
        <References>
            <Reference ReferenceType="HasModellingRule">i=78</Reference>
            <Reference ReferenceType="HasTypeDefinition">i=68</Reference>
            <Reference ReferenceType="HasProperty" IsForward="false">ns=1;i=1</Reference>
        </References>
        <Value>
            <uax:String></uax:String>
        </Value>
    </UAVariable>
    <UAObject SymbolicName="http___www_aalto_fi_OPCUA_IceBlockType_" NodeId="ns=1;i=5" BrowseName="1:http://www.aalto.fi/OPCUA/IceBlockType/">
        <DisplayName>http://www.aalto.fi/OPCUA/IceBlockType/</DisplayName>
        <References>
            <Reference ReferenceType="HasProperty">ns=1;i=28</Reference>
            <Reference ReferenceType="HasTypeDefinition">i=11616</Reference>
            <Reference ReferenceType="HasComponent" IsForward="false">i=11715</Reference>
            <Reference ReferenceType="HasProperty">ns=1;i=29</Reference>
            <Reference ReferenceType="HasProperty">ns=1;i=30</Reference>
            <Reference ReferenceType="HasProperty">ns=1;i=31</Reference>
            <Reference ReferenceType="HasProperty">ns=1;i=32</Reference>
            <Reference ReferenceType="HasProperty">ns=1;i=33</Reference>
            <Reference ReferenceType="HasProperty">ns=1;i=34</Reference>
        </References>
    </UAObject>
    <UAVariable DataType="Boolean" ParentNodeId="ns=1;i=5" NodeId="ns=1;i=28" BrowseName="IsNamespaceSubset">
        <DisplayName>IsNamespaceSubset</DisplayName>
        <References>
            <Reference ReferenceType="HasProperty" IsForward="false">ns=1;i=5</Reference>
            <Reference ReferenceType="HasTypeDefinition">i=68</Reference>
        </References>
        <Value>
            <uax:Boolean>false</uax:Boolean>
        </Value>
    </UAVariable>
    <UAVariable DataType="DateTime" ParentNodeId="ns=1;i=5" NodeId="ns=1;i=29" BrowseName="NamespacePublicationDate">
        <DisplayName>NamespacePublicationDate</DisplayName>
        <References>
            <Reference ReferenceType="HasProperty" IsForward="false">ns=1;i=5</Reference>
            <Reference ReferenceType="HasTypeDefinition">i=68</Reference>
        </References>
        <Value>
            <uax:DateTime>2020-03-07T20:32:59Z</uax:DateTime>
        </Value>
    </UAVariable>
    <UAVariable DataType="String" ParentNodeId="ns=1;i=5" NodeId="ns=1;i=30" BrowseName="NamespaceUri">
        <DisplayName>NamespaceUri</DisplayName>
        <References>
            <Reference ReferenceType="HasProperty" IsForward="false">ns=1;i=5</Reference>
            <Reference ReferenceType="HasTypeDefinition">i=68</Reference>
        </References>
        <Value>
            <uax:String>http://www.aalto.fi/OPCUA/IceBlockType/</uax:String>
        </Value>
    </UAVariable>
    <UAVariable DataType="String" ParentNodeId="ns=1;i=5" NodeId="ns=1;i=31" BrowseName="NamespaceVersion">
        <DisplayName>NamespaceVersion</DisplayName>
        <References>
            <Reference ReferenceType="HasProperty" IsForward="false">ns=1;i=5</Reference>
            <Reference ReferenceType="HasTypeDefinition">i=68</Reference>
        </References>
        <Value>
            <uax:String>1.0.0</uax:String>
        </Value>
    </UAVariable>
    <UAVariable DataType="IdType" ParentNodeId="ns=1;i=5" ValueRank="1" NodeId="ns=1;i=32" ArrayDimensions="0" BrowseName="StaticNodeIdTypes">
        <DisplayName>StaticNodeIdTypes</DisplayName>
        <References>
            <Reference ReferenceType="HasTypeDefinition">i=68</Reference>
            <Reference ReferenceType="HasProperty" IsForward="false">ns=1;i=5</Reference>
        </References>
        <Value>
            <uax:ListOfInt32>
                <uax:Int32>0</uax:Int32>
            </uax:ListOfInt32>
        </Value>
    </UAVariable>
    <UAVariable DataType="NumericRange" ParentNodeId="ns=1;i=5" ValueRank="1" NodeId="ns=1;i=33" ArrayDimensions="0" BrowseName="StaticNumericNodeIdRange">
        <DisplayName>StaticNumericNodeIdRange</DisplayName>
        <References>
            <Reference ReferenceType="HasTypeDefinition">i=68</Reference>
            <Reference ReferenceType="HasProperty" IsForward="false">ns=1;i=5</Reference>
        </References>
    </UAVariable>
    <UAVariable DataType="String" ParentNodeId="ns=1;i=5" NodeId="ns=1;i=34" BrowseName="StaticStringNodeIdPattern">
        <DisplayName>StaticStringNodeIdPattern</DisplayName>
        <References>
            <Reference ReferenceType="HasTypeDefinition">i=68</Reference>
            <Reference ReferenceType="HasProperty" IsForward="false">ns=1;i=5</Reference>
        </References>
    </UAVariable>
</UANodeSet>
