﻿<?xml version="1.0" encoding="utf-8"?>
<DeviceProperties xmlns:xsi="http://www.w3.org/2001/XMLSchema-instance" xmlns:xsd="http://www.w3.org/2001/XMLSchema">
  <DefaultProfile>
    <Device Name="DEV0">
      <Property Name="IPAddress" Value="127.0.0.1" />
      <ComplexProperty Name="Ports" Expanded="true">
        <Property Name="Deploy" Value="61499" />
        <Property Name="HMI" Value="61498" />
        <Property Name="Watch" Value="61497" />
      </ComplexProperty>
      <ComplexProperty Name="Configuration" Expanded="true">
        <GroupProperty Name="FB" Expanded="true" Enabled="true">
          <GroupProperty Name="OPCUASERVER" Expanded="true" Enabled="true">
            <Property Name="Enable" Value="True" />
            <Property Name="MaxReturnedBrowseRefs" Value="64" />
          </GroupProperty>
        </GroupProperty>
      </ComplexProperty>
    </Device>
  </DefaultProfile>
  <Profile Name="(Local Test)">
    <Device Name="DEV0">
      <ComplexProperty Name="Ports" Expanded="true">
        <Property Name="Deploy" Value="61499" />
        <Property Name="HMI" Value="61498" />
        <Property Name="Watch" Value="61497" />
        <Property Name="Archive" Value="61496" />
      </ComplexProperty>
      <ComplexProperty Name="Configuration" Expanded="true">
        <GroupProperty Name="FB" Expanded="true" Enabled="true">
          <GroupProperty Name="OPCUASERVER" Expanded="true" Enabled="true">
            <Property Name="Enable" Value="True" />
            <Property Name="MaxReturnedBrowseRefs" Value="64" />
          </GroupProperty>
        </GroupProperty>
      </ComplexProperty>
    </Device>
  </Profile>
</DeviceProperties>