<Mapping>
  <EventInputs>
    <Event Name="CHECK_J1" Map="REQ_1" />
    <Event Name="READY" Map="REQ_2" />
    <Event Name="CHECK_J2" Map="REQ_3" />
    <Event Name="RemoteControl" Map="REQ_4">RemoteControlStatus</Event>
  </EventInputs>
  <EventOutputs>
    <Event Name="PRODUCE_RED" Map="IND_1"></Event>
    <Event Name="PRODUCE_GREEN" Map="IND_2"></Event>
    <Event Name="PRODUCE_RED_URGENT" Map="IND_3"></Event>
    <Event Name="PRODUCE_GREEN_URGENT" Map="IND_4"></Event>
    <Event Name="CLEAR" Map="IND_5"></Event>
    <Event Name="Enable_Remote_Control" Map="IND_6"></Event>
    <Event Name="Disable_Remote_Control" Map="IND_7"></Event>
  </EventOutputs>
  <Inputs>
    <Input Name="RemoteControlStatus" Type="BOOL" Map="SD_1" />
  </Inputs>
  <Outputs />
</Mapping>